<?xml version="1.0" encoding="utf-8"?>
<!-- 05/12/22 CB Created
     07/12/22 CB correct menu for mailshot_lists, method=upgrade
     13/06/23 CB include folder administrator/assets
     20/06/23 CB include reports
     31/07/23 CB Created from 404 (for fresh install)
     01/08/23 CB add namespace
     07/08/23 CB remove admin/assets folder; remove menu for mailman reports
     09/09/23 CB added ra_renewals
     20/09/23 CB remove menu for configuration
     16/10/23 CB remove folder MailMan
     13/10/23 CB correction for canDo
-->
<extension type="component" version="4.0" method="upgrade">
    <name>RA MailMan</name>
    <element>com_ra_mailman</element>
    <creationDate>14 Nov 2023</creationDate>
    <copyright>Copyright (C) 2022. All rights reserved.</copyright>
    <license>GNU General Public License version 2 or later; see LICENSE.txt</license>
    <author>Charlie Bigley</author>
    <authorEmail>webmaster@bigley.me.uk</authorEmail>
    <authorUrl>https://docs.stokeandnewcastleramblers.org.uk</authorUrl>
    <version>4.0.7</version>
    <description>Support for Mailing lists</description>
    <namespace path="src">Ramblers\Component\Ra_mailman</namespace>
    <scriptfile>script.php</scriptfile>
    <files folder="site">
        <folder>forms</folder>
        <folder>src</folder>
        <folder>tmpl</folder> 
        <filename>ra_renewals.php</filename>   
    </files>
    <administration>
        <menu img="components/com_ra_tools/assets/logo_90px.png">RA Mailman</menu>
        <submenu>
            <menu link="option=com_ra_tools&amp;view=dashboard">Dashboard</menu>
            <menu link="option=com_ra_mailman&amp;view=mail_lsts" view="mail_lsts" img="components/com_ra_tools/assets/images/view-16x16-walks.png" alt="Ramblers/mail lists">Mailing lists</menu>
            <menu link="option=com_ra_mailman&amp;view=mailshots" view="mailshots" img="components/com_ra_tools/assets/images/view-16x16-walks.png" alt="Ramblers/Mailshots">Mailshots</menu>
            <menu link="option=com_ra_mailman&amp;view=subscriptions" view="subscriptions" img="components/com_ra_tools/assets/images/view-16x16-walks.png" alt="Ramblers/Subscriptions">Subscriptions</menu>
            <menu link="option=com_ra_mailman&amp;view=profiles" view="profiles" img="components/com_ra_tools/assets/images/view-16x16-walks.png" alt="Ramblers/MailMan users">MailMan users</menu>
            <menu link="option=com_ra_mailman&amp;view=dataload" view="dataload" img="components/com_ra_tools/assets/images/view-16x16-walks.png" alt="Ramblers/Import members">Import list of members</menu>
        </submenu>
        <files folder="administrator">
            <folder>forms</folder>
            <folder>services</folder>
            <folder>sql</folder>
            <folder>src</folder>
            <folder>tmpl</folder>   
            <filename>access.xml</filename>
            <filename>config.xml</filename>            
        </files>
    </administration>
    <!-- Runs on install -->
    <install>
        <sql>
            <file driver="mysql" charset="utf8">sql/install.mysql.utf8.sql</file>
        </sql>
    </install>
    <!-- Runs on uninstall -->
    <uninstall>
        <sql>
            <file driver="mysql" charset="utf8">sql/uninstall.mysql.utf8.sql</file>
        </sql>
    </uninstall>
    <!-- Runs on update -->
    <update>
        <schemas>
            <schemapath type="mysql">sql/updates/mysql/</schemapath>
        </schemas>
    </update>
</extension>
