<?xml version="1.0" encoding="utf-8"?>
<metadata>
    <layout title="Register or Create new user" option="View">
        <message>
                        <![CDATA[Register or Create new user]]>
        </message>
    </layout>
    <fields name="params">
        <fieldset 
            name="basic"
            label="Options">
             <field name="mode" 
                    default="1" 
                    type="list" 
                    label="Mode" 
                    description="Type of menu required" 
                    
                    class="inputbox" 
                    size="1">
            <option value="0">Self register</option>
            <option value="1">Admin registration</option>
            </field>
            <field name="note1" 
                   type="note" 
                   showon="mode:0"
                   label="This menu item should only be visible to Guest users"
            />
            <field name="note2" 
                   type="note" 
                   showon="mode:1"
                   label="This menu item should only be visible to Registered users"
            /> 
        </fieldset>
    </fields>
</metadata>
